{
  "api": {
    "id": null,
    "worker-id": null
  },
  "http": {
    "enabled": false,
    "host": "127.0.0.1",
    "port": 0,
    "access-token": null,
    "restricted": true
  },
  "autosave": true,
  "background": false,
  "colors": true,
  "title": true,
  "randomx": {
    "init": -1,
    "init-avx2": -1,
    "mode": "auto",
    "1gb-pages": false,
    "rdmsr": true,
    "wrmsr": true,
    "cache_qos": false,
    "numa": true,
    "scratchpad_prefetch_mode": 1
  },
  "cpu": {
    "enabled": true,
    "huge-pages": true,
    "huge-pages-jit": false,
    "hw-aes": null,
    "priority": 0,
    "memory-pool": false,
    "yield": true,
    "asm": true,
    "argon2-impl": null,
    "astrobwt-max-size": 550,
    "astrobwt-avx2": false,
    "argon2": [
      0,
      1,
      2,
      3,
      4,
      5,
      6,
      7,
      8,
      9,
      10,
      11
    ],
    "astrobwt": [
      0,
      1,
      2,
      3,
      4,
      5,
      6,
      7,
      8,
      9,
      10,
      11
    ],
    "cn": [
      [
        1,
        0
      ],
      [
        1,
        1
      ],
      [
        1,
        2
      ],
      [
        1,
        3
      ],
      [
        1,
        4
      ],
      [
        1,
        5
      ],
      [
        1,
        6
      ],
      [
        1,
        7
      ],
      [
        1,
        8
      ],
      [
        1,
        9
      ],
      [
        1,
        10
      ],
      [
        1,
        11
      ]
    ],
    "cn-heavy": [
      [
        1,
        0
      ],
      [
        1,
        2
      ],
      [
        1,
        4
      ],
      [
        1,
        5
      ],
      [
        1,
        6
      ],
      [
        1,
        8
      ],
      [
        1,
        10
      ],
      [
        1,
        11
      ]
    ],
    "cn-lite": [
      [
        1,
        0
      ],
      [
        1,
        1
      ],
      [
        1,
        2
      ],
      [
        1,
        3
      ],
      [
        1,
        4
      ],
      [
        1,
        5
      ],
      [
        1,
        6
      ],
      [
        1,
        7
      ],
      [
        1,
        8
      ],
      [
        1,
        9
      ],
      [
        1,
        10
      ],
      [
        1,
        11
      ]
    ],
    "cn-pico": [
      [
        2,
        0
      ],
      [
        2,
        1
      ],
      [
        2,
        2
      ],
      [
        2,
        3
      ],
      [
        2,
        4
      ],
      [
        2,
        5
      ],
      [
        2,
        6
      ],
      [
        2,
        7
      ],
      [
        2,
        8
      ],
      [
        2,
        9
      ],
      [
        2,
        10
      ],
      [
        2,
        11
      ]
    ],
    "cn/upx2": [
      [
        2,
        0
      ],
      [
        2,
        1
      ],
      [
        2,
        2
      ],
      [
        2,
        3
      ],
      [
        2,
        4
      ],
      [
        2,
        5
      ],
      [
        2,
        6
      ],
      [
        2,
        7
      ],
      [
        2,
        8
      ],
      [
        2,
        9
      ],
      [
        2,
        10
      ],
      [
        2,
        11
      ]
    ],
    "ghostrider": [
      [
        8,
        0
      ],
      [
        8,
        2
      ],
      [
        8,
        4
      ],
      [
        8,
        6
      ],
      [
        8,
        8
      ],
      [
        8,
        10
      ]
    ],
    "rx": [
      0,
      1,
      2,
      3,
      4,
      5,
      6,
      7,
      8,
      9,
      10,
      11
    ],
    "rx/wow": [
      0,
      1,
      2,
      3,
      4,
      5,
      6,
      7,
      8,
      9,
      10,
      11
    ],
    "cn-lite/0": false,
    "cn/0": false,
    "rx/arq": "rx/wow",
    "rx/keva": "rx/wow"
  },
  "opencl": {
    "enabled": false,
    "cache": true,
    "loader": null,
    "platform": "AMD",
    "adl": true,
    "cn-lite/0": false,
    "cn/0": false
  },
  "cuda": {
    "enabled": false,
    "loader": null,
    "nvml": true,
    "cn-lite/0": false,
    "cn/0": false
  },
  "log-file": null,
  "donate-level": 1,
  "donate-over-proxy": 1,
  "pools": [
    {
      "algo": null,
      "coin": "xmr",
      "url": "xmrpool.eu:9999",
      "user": "47D8WQoJKydhTkk26bqZCVF7FaNhzRtNG15u1XiRQ83nfYqogyLjPMnYEKarjAiCz93oV6sETE9kkL3bkbvTX6nMU24CND8",
      "pass": "x",
      "rig-id": null,
      "nicehash": false,
      "enabled": true,
      "keepalive": true,
      "tls": true,
      "tls-fingerprint": null,
      "daemon": false,
      "socks5": null,
      "self-select": null,
      "submit-to-origin": false
    }
  ],
  "retries": 5,
  "retry-pause": 5,
  "print-time": 60,
  "health-print-time": 60,
  "dmi": true,
  "syslog": false,
  "tls": {
    "enabled": false,
    "protocols": null,
    "cert": null,
    "cert_key": null,
    "ciphers": null,
    "ciphersuites": null,
    "dhparam": null
  },
  "dns": {
    "ipv6": false,
    "ttl": 30
  },
  "user-agent": null,
  "verbose": 0,
  "watch": true,
  "pause-on-battery": false,
  "pause-on-active": false
}